-- phpMyAdmin SQL Dump
-- version 5.2.2
-- https://www.phpmyadmin.net/
--
-- Servidor: localhost:3306
-- Tiempo de generación: 19-11-2025 a las 13:01:04
-- Versión del servidor: 8.4.6-cll-lve
-- Versión de PHP: 8.4.14

SET SQL_MODE = "NO_AUTO_VALUE_ON_ZERO";
START TRANSACTION;
SET time_zone = "+00:00";


/*!40101 SET @OLD_CHARACTER_SET_CLIENT=@@CHARACTER_SET_CLIENT */;
/*!40101 SET @OLD_CHARACTER_SET_RESULTS=@@CHARACTER_SET_RESULTS */;
/*!40101 SET @OLD_COLLATION_CONNECTION=@@COLLATION_CONNECTION */;
/*!40101 SET NAMES utf8mb4 */;

--
-- Base de datos: `cso60906_Equipos`
--

-- --------------------------------------------------------

--
-- Estructura de tabla para la tabla `tdEquipos`
--

CREATE TABLE `tdEquipos` (
  `idTxt_Ppu` varchar(7) CHARACTER SET utf8mb4 COLLATE utf8mb4_0900_ai_ci NOT NULL COMMENT 'Placa Patente Única del equipo',
  `idNum_Propietario` int NOT NULL COMMENT '1-Propio // 2-Arrendado',
  `idNum_Tipo` int NOT NULL COMMENT 'Tipo de vehículo (Cargador, bulldozer, excavadora, etc)',
  `dtFec_Anio` date NOT NULL COMMENT 'Año del equipo',
  `dtTxt_Marca` varchar(100) NOT NULL COMMENT 'Marca comercial del equipos',
  `dtTxt_Modelo` varchar(100) NOT NULL COMMENT 'Modelo del vehículo',
  `dtTxt_Chasis` varchar(100) CHARACTER SET utf8mb4 COLLATE utf8mb4_0900_ai_ci DEFAULT NULL COMMENT 'N° de chasis del equipo',
  `dtTxt_Motor` varchar(100) CHARACTER SET utf8mb4 COLLATE utf8mb4_0900_ai_ci DEFAULT NULL COMMENT 'Número de Motor del equipos'
) ENGINE=InnoDB DEFAULT CHARSET=utf8mb4 COLLATE=utf8mb4_0900_ai_ci COMMENT='Tabla de equipos';

--
-- Volcado de datos para la tabla `tdEquipos`
--

INSERT INTO `tdEquipos` (`idTxt_Ppu`, `idNum_Propietario`, `idNum_Tipo`, `dtFec_Anio`, `dtTxt_Marca`, `dtTxt_Modelo`, `dtTxt_Chasis`, `dtTxt_Motor`) VALUES
('????-01', 1, 14, '0000-00-00', 'HIAB', 'X-HIPRO 408 E-8', '4080547', '???'),
('????-02', 2, 14, '0000-00-00', 'FASSI ', 'F 335A.2.25', '3303-0562', '???'),
('????-03', 9, 3, '0000-00-00', 'CATERPILLAR', 'D9T BULL07', '???', '???'),
('BDVH-75', 1, 1, '0000-00-00', 'FORD', 'RANGER XLT  4X4 2.0', '8AFABR01C6SJ477075', 'YN2XSJ477075'),
('KTWD-56', 6, 3, '0000-00-00', 'CATERPILLAR', 'D9T', 'TWG00819', 'TXW03689'),
('LBDT85', 1, 12, '0000-00-00', 'CATERPILLAR', '320', 'BR600313', '???'),
('LJSG-89', 1, 2, '0000-00-00', 'MERCEDES BENZ', 'ACTROS 4144', 'WDB930163L0367821', '541972C1057332'),
('LPDF-41', 3, 3, '0000-00-00', 'CATERPILLAR', 'D9T', 'CATOOD9TKTWG00901', 'TXW05481'),
('LPTK-87', 8, 6, '0000-00-00', 'MITSUBISHI FUSO', 'CANTER 915 EURO V', 'JL6CLH6A 1 LK000589', '4P10D71233 '),
('LPTS-74', 8, 6, '0000-00-00', 'MITSUBISHI FUSO', 'CANTER 915 EURO V', 'SIN ENTREGA AUN ', '4P10D71696'),
('LWTV-57', 1, 2, '0000-00-00', 'IVECO ', 'TRAKKER 410T50HI', 'WJMJ4CTDXLC414668', '266172'),
('PRJW-56', 1, 16, '0000-00-00', 'JOHN DEERE ', '310L', '1BZ310LAKMC004346', 'J04045B726876'),
('PXFJ-55', 1, 4, '0000-00-00', 'TREMAC ', 'SR CAMA BAJA CARGO', '2927624', NULL),
('PXGT-34', 1, 15, '0000-00-00', 'TREMAC ', 'SR PLANO 13,5', '2736422', NULL),
('PYCJ-89', 1, 11, '0000-00-00', 'KOMATSU ', 'WA430 6', 'SERIE 66673', '26887431'),
('RHPD-24', 1, 1, '0000-00-00', 'FORD', 'RANGER XLS DCAB 4X4 3.2', '8AFAR23W3NJ256049', 'SA2SNJ256049'),
('RJSB-68', 1, 1, '0000-00-00', 'FORD', 'NEW RANGER CREW CAB DSL XLS 4X4 3.2', '8AFAR23W0NJ260768', 'SA2SNJ26076'),
('RLXW-85', 3, 11, '0000-00-00', 'CATERPILLAR', '966L   ', 'CAT0966LPFRS02382　WYE03075', '???'),
('RSSG-92', 1, 1, '0000-00-00', 'FORD', 'NEW RANGER XLS 4X4 3.2', '8AFAR23W1NJ256048', 'SA2SNJ256048'),
('RVFD-81', 1, 1, '0000-00-00', 'FORD', 'RANGER XLS DCAB 4X4 3.2', '8AFAR23W1NJ264919', 'SA2SNJ264919'),
('SFBS-34', 1, 5, '0000-00-00', 'HINO ', 'XZU 917', 'JHHZCT2F6NK016925', 'N04C-WM13884'),
('SFGZ-12', 1, 13, '0000-00-00', 'CATERPILLAR', '140', 'B5400608', 'TX712322'),
('SFWK-25', 1, 1, '0000-00-00', 'FORD', 'NEW RANGER CREW CAB DSL XLT 4X4 3,2', '8AFAR23W3PJ311893', 'SA2S PJ311893'),
('SFWK-72', 1, 1, '0000-00-00', 'FORD', 'NEW RANGER XLT 4X4 3,2', '8AFAR23W1PJ303856', 'SA2SPJ303856'),
('SGTL-42', 4, 9, '0000-00-00', 'MERCEDEZ BENZ ', 'AROCS 4848', 'W1T964231P0589864', '471922C0722246'),
('SGTL-79', 4, 9, '0000-00-00', 'MERCEDEZ BENZ ', 'AROCS 4848', 'W1T964231P0592207', '471922C0722397'),
('SGXG-38', 7, 3, '0000-00-00', 'CATERPILLAR', 'D9-07A', 'CAT000D9HJ3D00321', 'H4E00806'),
('SJPG-28', 1, 1, '0000-00-00', 'FORD', 'RANGER XLT  4X4 3.2', '8AFAR23Y8PJ319666', 'SA2WPJ319666'),
('SJTS-62', 4, 9, '0000-00-00', 'VOLVO ', 'FMX', '93KXG30F7PE924357', 'D138079973C2E'),
('SPGL-35', 2, 7, '0000-00-00', 'VOLVO ', 'VM330', '93KP0S1C5PE187773', 'Y1A072231'),
('SVKB-31', 1, 7, '0000-00-00', 'IVECO ', ' 500 8X4', 'WJMJ4CTD3PC482140', 'F3BE3681281989'),
('SVPW-23', 1, 11, '0000-00-00', 'CATERPILLAR', 'CAT966', 'M7R10276', '???'),
('SVZJ-87', 4, 9, '0000-00-00', 'MERCEDEZ BENZ ', 'AROCS 4848', 'W1T964231P0655020', '471922C0796402'),
('SWBR-38', 10, 18, '0000-00-00', 'MERCEDEZ BENZ ', 'LO 916 45', '9BM979276PB285999', '924999U1401360'),
('TBCG-78', 5, 1, '0000-00-00', 'MAXUS ', 'T60 4X4 ANCAP MT E6 ', 'LSFAM11A7PA087348', 'M9231007765'),
('TBJB58', 1, 10, '0000-00-00', 'IVECO ', ' S WAY 6X4 INTARDER', 'WJSM52NU4PC492698', '107941'),
('TBLG-63', 8, 9, '0000-00-00', 'MERCEDEZ BENZ ', 'AROCS 4848  4500 RET', 'W1T964231R0707949', '471922C0863907'),
('TFYJ-98', 3, 12, '0000-00-00', 'CATERPILLAR', '330', 'CAT00330PTJH10075', 'E4600769'),
('TFYP-66', 4, 3, '0000-00-00', 'KOMATSU', 'D275AX 5E0', '40332', '544524'),
('TGTR-97', 1, 9, '0000-00-00', 'MERCEDES BENZ', 'AROCS 4848 K 8X4/4 SEG RET ', 'W1T964231S0790221', '471922C0968286'),
('TGTX-92', 1, 2, '0000-00-00', 'MERCEDES BENZ', 'AROCS 4848 K  8X4/4  4500 SEG  RET', 'W1T964231S0785971', '4922C0963109 '),
('TGTX-96', 1, 9, '0000-00-00', 'MERCEDES BENZ', 'AROCS 4848 K  8X4/4  4500 SEG  RET', 'W1T964231S0791966', '471922C0969904'),
('TGTY-52', 1, 17, '0000-00-00', 'HAMM', 'HC 130I', 'WGH0H254THAA00726', 'CD4045U323100'),
('TGTZ-14', 1, 9, '0000-00-00', 'MERCEDES BENZ', 'AROCS 4848K', 'W1T964231S0811209', '471922C0995611'),
('THRH-51', 5, 1, '0000-00-00', 'MAXUS ', 'T60 4WD 2.0', 'LSFAM11A0PA087353', 'M9232008239'),
('TKLJ-53', 8, 9, '0000-00-00', 'MERCEDEZ BENZ ', 'AROCS 4848 K 4500 RE', 'W1T964231R070920', '471922C086642'),
('TLPG-22', 8, 9, '0000-00-00', 'MERCEDEZ BENZ ', 'AROCS 4848K', 'W1T964231S0775482', '471922C0949529 '),
('TSTH-45', 1, 16, '0000-00-00', 'JOHN DEERE ', '310P', '1BZ310PATPCX00099', '???'),
('TYGP-47', 8, 9, '0000-00-00', 'MERCEDEZ BENZ ', 'AROCS 4848 K', 'W1T964231S0792375', '471922C0970732'),
('TZDY-52', 1, 1, '0000-00-00', 'FORD', 'RANGER XLT  4X4 2.0', '8AFABR01C9SJ420949', 'YN2XSJ420949'),
('VBDV-10', 1, 9, '0000-00-00', 'MERCEDES BENZ', 'AROCS 4848K', 'W1T964231S0811209', '471922C0995611'),
('VBDV-29', 1, 17, '0000-00-00', 'HAMM', 'HC 250IC', 'WGH0H256EHAA00322', '13303320'),
('VDWB-42', 1, 8, '0000-00-00', 'HINO ', 'FC 111 AT', 'JHDFC9JJ7SXX12955', 'J05E-VF12213'),
('VGRS-24', 1, 12, '0000-00-00', 'CATERPILLAR', '330', 'XNB50135', 'D8X1378'),
('VHTG-67', 1, 12, '0000-00-00', 'CATERPILLAR', '330', 'XNB50162', 'D8X14586'),
('VHTG-88', 1, 11, '0000-00-00', 'CATERPILLAR', '966', 'M7R10272', 'XWE31626'),
('VJWV-55', 1, 12, '0000-00-00', 'CATERPILLAR', '330', 'XNB50509', 'D8X15012'),
('VKFT-43', 1, 11, '0000-00-00', 'CATERPILLAR', '966', 'M7R10389', '???');

-- --------------------------------------------------------

--
-- Estructura de tabla para la tabla `tdHorometro`
--

CREATE TABLE `tdHorometro` (
  `idTxt_Ppu` varchar(7) NOT NULL,
  `idNum_Rut` int NOT NULL,
  `dtNum_Horometro` int NOT NULL,
  `dtFec_Registro` date NOT NULL
) ENGINE=InnoDB DEFAULT CHARSET=utf8mb4 COLLATE=utf8mb4_0900_ai_ci COMMENT='Registro de los horómetros de los distintos equipos';

--
-- Volcado de datos para la tabla `tdHorometro`
--

INSERT INTO `tdHorometro` (`idTxt_Ppu`, `idNum_Rut`, `dtNum_Horometro`, `dtFec_Registro`) VALUES
('VBDV-10', 1, 55, '2025-11-01'),
('VBDV-10', 1, 55, '2025-11-02'),
('VBDV-10', 1, 58, '2025-11-03'),
('VBDV-10', 1, 89, '2025-11-07'),
('VBDV-10', 1, 97, '2025-11-08'),
('VBDV-10', 1, 105, '2025-11-09'),
('TGTZ-14', 1, 402, '2025-11-01'),
('TGTZ-14', 1, 402, '2025-11-02'),
('TGTZ-14', 1, 409, '2025-11-03'),
('TGTZ-14', 1, 440, '2025-11-07'),
('TGTZ-14', 1, 449, '2025-11-08'),
('TGTZ-14', 1, 457, '2025-11-09'),
('TLPG-22', 1, 1801, '2025-11-01'),
('TLPG-22', 1, 1801, '2025-11-02'),
('TLPG-22', 1, 1813, '2025-11-03'),
('TLPG-22', 1, 1836, '2025-11-07'),
('TLPG-22', 1, 1845, '2025-11-08'),
('TLPG-22', 1, 1852, '2025-11-09'),
('SGTL-42', 1, 0, '2025-11-01'),
('SGTL-42', 1, 0, '2025-11-02'),
('SGTL-42', 1, 4240, '2025-11-03'),
('TYGP-47', 1, 933, '2025-11-01'),
('TYGP-47', 1, 933, '2025-11-02'),
('TYGP-47', 1, 948, '2025-11-03'),
('TYGP-47', 1, 975, '2025-11-07'),
('TYGP-47', 1, 983, '2025-11-08'),
('TYGP-47', 1, 992, '2025-11-09'),
('TKLJ-53', 1, 1581, '2025-11-01'),
('TKLJ-53', 1, 1581, '2025-11-02'),
('TKLJ-53', 1, 1593, '2025-11-03'),
('TKLJ-53', 1, 1599, '2025-11-05'),
('TKLJ-53', 1, 1620, '2025-11-07'),
('TKLJ-53', 1, 1628, '2025-11-08'),
('TKLJ-53', 1, 1637, '2025-11-09'),
('SJTS-62', 1, 2905, '2025-11-03'),
('TBLG-63', 1, 2500, '2025-11-01'),
('TBLG-63', 1, 2500, '2025-11-02'),
('TBLG-63', 1, 2512, '2025-11-03'),
('TBLG-63', 1, 2524, '2025-11-05'),
('TBLG-63', 1, 2535, '2025-11-07'),
('TBLG-63', 1, 2542, '2025-11-08'),
('TBLG-63', 1, 2550, '2025-11-09'),
('VLLH-64', 1, 115, '2025-11-01'),
('VLLH-64', 1, 115, '2025-11-02'),
('VLLH-64', 1, 129, '2025-11-03'),
('VLLH-64', 1, 151, '2025-11-07'),
('VLLH-64', 1, 160, '2025-11-08'),
('VLLH-64', 1, 167, '2025-11-09'),
('SGTL-79', 1, 3585, '2025-11-01'),
('SGTL-79', 1, 3585, '2025-11-02'),
('SGTL-79', 1, 3585, '2025-11-03'),
('SGTL-79', 1, 3591, '2025-11-05'),
('SGTL-79', 1, 3607, '2025-11-07'),
('SGTL-79', 1, 3616, '2025-11-08'),
('SGTL-79', 1, 3624, '2025-11-09'),
('SVZJ-87', 1, 3629, '2025-11-01'),
('SVZJ-87', 1, 3629, '2025-11-02'),
('SVZJ-87', 1, 3629, '2025-11-03'),
('SVZJ-87', 1, 3658, '2025-11-07'),
('SVZJ-87', 1, 3659, '2025-11-08'),
('SVZJ-87', 1, 3666, '2025-11-09'),
('TGTX-96', 1, 532, '2025-11-01'),
('TGTX-96', 1, 532, '2025-11-02'),
('TGTX-96', 1, 543, '2025-11-03'),
('TGTX-96', 1, 566, '2025-11-07'),
('TGTX-96', 1, 571, '2025-11-08'),
('TGTX-96', 1, 578, '2025-11-09'),
('TGTR-97', 1, 922, '2025-11-01'),
('TGTR-97', 1, 922, '2025-11-02'),
('TGTR-97', 1, 936, '2025-11-03'),
('TGTR-97', 1, 943, '2025-11-07'),
('TGTR-97', 1, 943, '2025-11-08'),
('TGTR-97', 1, 943, '2025-11-09'),
('LJSG-89', 1, 4026, '2025-11-01'),
('LJSG-89', 1, 4043, '2025-11-05'),
('TGTX-92', 1, 623, '2025-11-01'),
('TGTX-92', 1, 631, '2025-11-07'),
('TGTX-92', 1, 633, '2025-11-08'),
('TGTX-92', 1, 639, '2025-11-09'),
('SVPW-23', 1, 572, '2025-11-01'),
('SVPW-23', 1, 572, '2025-11-02'),
('SVPW-23', 1, 587, '2025-11-03'),
('SVPW-23', 1, 595, '2025-11-05'),
('SVPW-23', 1, 611, '2025-11-07'),
('SVPW-23', 1, 619, '2025-11-08'),
('SVPW-23', 1, 628, '2025-11-09'),
('VKFT-43', 1, 31, '2025-11-07'),
('VKFT-43', 1, 37, '2025-11-08'),
('VKFT-43', 1, 37, '2025-11-09'),
('VHTG-88', 1, 278, '2025-11-01'),
('VHTG-88', 1, 278, '2025-11-02'),
('VHTG-88', 1, 295, '2025-11-03'),
('VHTG-88', 1, 303, '2025-11-05'),
('VHTG-88', 1, 319, '2025-11-07'),
('VHTG-88', 1, 327, '2025-11-08'),
('VHTG-88', 1, 336, '2025-11-09'),
('RLXW-85', 1, 4523, '2025-11-01'),
('RLXW-85', 1, 4523, '2025-11-07'),
('RLXW-85', 1, 4525, '2025-11-08'),
('RLXW-85', 1, 4525, '2025-11-09'),
('PYCJ-89', 1, 5289, '2025-11-01'),
('PYCJ-89', 1, 5301, '2025-11-07'),
('PYCJ-89', 1, 5301, '2025-11-08'),
('PYCJ-89', 1, 5301, '2025-11-09'),
('VGRS-24', 1, 397, '2025-11-01'),
('VGRS-24', 1, 397, '2025-11-02'),
('VGRS-24', 1, 405, '2025-11-03'),
('VGRS-24', 1, 422, '2025-11-05'),
('VGRS-24', 1, 439, '2025-11-07'),
('VGRS-24', 1, 447, '2025-11-08'),
('VGRS-24', 1, 455, '2025-11-09'),
('VJWV-55', 1, 8, '2025-11-01'),
('VJWV-55', 1, 8, '2025-11-07'),
('VJWV-55', 1, 17, '2025-11-08'),
('VJWV-55', 1, 25, '2025-11-09'),
('VHTG-67', 1, 382, '2025-11-01'),
('VHTG-67', 1, 383, '2025-11-02'),
('VHTG-67', 1, 395, '2025-11-03'),
('VHTG-67', 1, 407, '2025-11-05'),
('VHTG-67', 1, 421, '2025-11-07'),
('VHTG-67', 1, 429, '2025-11-08'),
('VHTG-67', 1, 437, '2025-11-09'),
('TFYJ-98', 1, 1636, '2025-11-01'),
('TFYJ-98', 1, 1641, '2025-11-05'),
('TFYJ-98', 1, 1659, '2025-11-07'),
('TFYJ-98', 1, 1664, '2025-11-08'),
('TFYJ-98', 1, 1677, '2025-11-09'),
('LBDT-85', 1, 4110, '2025-11-01'),
('LBDT-85', 1, 4115, '2025-11-07'),
('LBDT-85', 1, 4118, '2025-11-08'),
('LBDT-85', 1, 4122, '2025-11-09'),
('HSFZ-11', 1, 17799, '2025-11-01'),
('HSFZ-11', 1, 17799, '2025-11-02'),
('HSFZ-11', 1, 17812, '2025-11-03'),
('HSFZ-11', 1, 17836, '2025-11-07'),
('HSFZ-11', 1, 17845, '2025-11-08'),
('HSFZ-11', 1, 17853, '2025-11-09'),
('SGXG-38', 1, 3444, '2025-11-01'),
('SGXG-38', 1, 3444, '2025-11-02'),
('SGXG-38', 1, 3455, '2025-11-03'),
('SGXG-38', 1, 3482, '2025-11-07'),
('SGXG-38', 1, 3489, '2025-11-08'),
('SGXG-38', 1, 3497, '2025-11-09'),
('KTWD-56', 1, 7195, '2025-11-01'),
('KTWD-56', 1, 7195, '2025-11-02'),
('KTWD-56', 1, 7206, '2025-11-03'),
('KTWD-56', 1, 7225, '2025-11-07'),
('KTWD-56', 1, 7232, '2025-11-08'),
('KTWD-56', 1, 7237, '2025-11-09'),
('LWCT-34', 1, 0, '2025-11-01'),
('LWCT-34', 1, 0, '2025-11-02'),
('LWCT-34', 1, 0, '2025-11-03'),
('LWCT-34', 1, 9455, '2025-11-08'),
('LWCT-34', 1, 9459, '2025-11-09'),
('TFYP-66', 1, 2567, '2025-11-01'),
('TFYP-66', 1, 2567, '2025-11-02'),
('TFYP-66', 1, 2567, '2025-11-03'),
('TFYP-66', 1, 2584, '2025-11-07'),
('TFYP-66', 1, 2584, '2025-11-08'),
('TFYP-66', 1, 2588, '2025-11-09'),
('LPDF-41', 1, 7820, '2025-11-01'),
('LPDF-41', 1, 7820, '2025-11-02'),
('LPDF-41', 1, 7832, '2025-11-03'),
('LPDF-41', 1, 7855, '2025-11-07'),
('LPDF-41', 1, 7855, '2025-11-08'),
('SFGZ-12', 1, 1803, '2025-11-01'),
('SFGZ-12', 1, 1803, '2025-11-02'),
('SFGZ-12', 1, 1803, '2025-11-03'),
('SFGZ-12', 1, 1824, '2025-11-07'),
('SFGZ-12', 1, 1832, '2025-11-08'),
('SFGZ-12', 1, 1838, '2025-11-09'),
('VBDV-29', 1, 25, '2025-11-01'),
('VBDV-29', 1, 25, '2025-11-02'),
('VBDV-29', 1, 25, '2025-11-03'),
('VBDV-29', 1, 27, '2025-11-07'),
('TGTY-52', 1, 16, '2025-11-01'),
('TGTY-52', 1, 16, '2025-11-02'),
('TGTY-52', 1, 16, '2025-11-03'),
('TGTY-52', 1, 16, '2025-11-07'),
('SPGL-35', 1, 0, '2025-11-01'),
('SPGL-35', 1, 0, '2025-11-02'),
('SPGL-35', 1, 1679, '2025-11-07'),
('LPTK-87', 1, 4449, '2025-11-01'),
('LPTS-74', 1, 0, '2025-11-01'),
('LPTS-74', 1, 0, '2025-11-02'),
('LPTS-74', 1, 5192, '2025-11-03'),
('VDWB-42', 1, 3821, '2025-11-01'),
('VDWB-42', 1, 3854, '2025-11-03'),
('G-01', 1, 3362, '2025-11-01'),
('G-01', 1, 2748, '2025-11-05'),
('G-08', 1, 116, '2025-11-04'),
('TBCG-78', 1, 38809, '2025-11-03'),
('TGTT-30', 1, 5052, '2025-11-03'),
('SWBR-38', 1, 125330, '2025-11-01'),
('SWBR-38', 1, 125381, '2025-11-02'),
('SWBR-38', 1, 125432, '2025-11-03'),
('VHTG-88', 13874366, 358, '2025-11-16'),
('LPTS-74', 19538761, 5203, '2025-11-16'),
('TGTX-92', 19538761, 674, '2025-11-16'),
('TKLJ-53', 19538761, 1648, '2025-11-16'),
('TLPG-22', 19538761, 1893, '2025-11-16'),
('SJTS-62', 19538761, 2932, '2025-11-16'),
('TYGP-47', 19538761, 1035, '2025-11-16'),
('LPDF-41', 19538761, 7879, '2025-11-16'),
('SGXG-38', 19538761, 3534, '2025-11-16'),
('TFYP-66', 19538761, 2618, '2025-11-16'),
('TFYJ-98', 19538761, 1706, '2025-11-16'),
('SVPW-23', 19538761, 643, '2025-11-16'),
('VJWV-55', 19538761, 63, '2025-11-16'),
('VDWB-42', 19538761, 4027, '2025-11-16'),
('VHTG-67', 19538761, 482, '2025-11-16'),
('VKFT-43', 19538761, 69, '2025-11-16'),
('TGTX-92', 19538761, 676, '2025-11-17'),
('VDWB-42', 19538761, 4030, '2025-11-17'),
('TBLG-63', 19538761, 2586, '2025-11-17'),
('SJTS-62', 19538761, 2934, '2025-11-17'),
('TLPG-22', 19538761, 1895, '2025-11-17'),
('TYGP-47', 19538761, 1037, '2025-11-17'),
('TGTR-97', 19538761, 979, '2025-11-17'),
('TKLJ-53', 19538761, 1659, '2025-11-17'),
('SPGL-35', 19538761, 29438, '2025-11-17'),
('TGTZ-14', 19538761, 489, '2025-11-17'),
('SFGZ-12', 13874366, 1854, '2025-11-17'),
('TFYJ-98', 19538761, 1707, '2025-11-17'),
('TFYP-66', 19538761, 2620, '2025-11-17'),
('VHTG-67', 19538761, 483, '2025-11-17'),
('LPDF-41', 19538761, 7881, '2025-11-17'),
('SGXG-38', 19538761, 3536, '2025-11-17'),
('VJWV-55', 19538761, 66, '2025-11-17'),
('LPTS-74', 19538761, 5211, '2025-11-17'),
('VKFT-43', 19538761, 69, '2025-11-17'),
('TLPG-22', 19538761, 1903, '2025-11-18'),
('TBLG-63', 19538761, 2590, '2025-11-18'),
('TYGP-47', 19538761, 1042, '2025-11-18'),
('SJTS-62', 19538761, 2942, '2025-11-18'),
('VHTG-88', 13874366, 359, '2025-11-18'),
('VBDV-10', 19538761, 158, '2025-11-18'),
('TGTR-97', 19538761, 985, '2025-11-18'),
('TGTZ-14', 19538761, 495, '2025-11-18'),
('TGTX-92', 19538761, 686, '2025-11-18'),
('TKLJ-53', 19538761, 1662, '2025-11-18'),
('VHTG-67', 19538761, 490, '2025-11-18'),
('SGXG-38', 19538761, 3542, '2025-11-18'),
('LPDF-41', 19538761, 7887, '2025-11-18'),
('TGTX-92', 14099444, 690, '2025-11-19'),
('VJWV-55', 16306942, 77, '2025-11-19'),
('VBDV-10', 19301450, 222, '2025-11-19'),
('TFYP-66', 16110212, 5587, '2025-11-19');

-- --------------------------------------------------------

--
-- Estructura de tabla para la tabla `tdMantenciones`
--

CREATE TABLE `tdMantenciones` (
  `idTxt_Ppu` varchar(7) NOT NULL,
  `dtNum_Proximo` int NOT NULL,
  `dtFec_Realizada` date DEFAULT NULL,
  `dtTxt_Mantencion` text CHARACTER SET utf8mb4 COLLATE utf8mb4_0900_ai_ci
) ENGINE=InnoDB DEFAULT CHARSET=utf8mb4 COLLATE=utf8mb4_0900_ai_ci COMMENT='Tabla de mantenciones realizadas';

--
-- Volcado de datos para la tabla `tdMantenciones`
--

INSERT INTO `tdMantenciones` (`idTxt_Ppu`, `dtNum_Proximo`, `dtFec_Realizada`, `dtTxt_Mantencion`) VALUES
('VBDV-10', 600, NULL, NULL),
('TGTZ-14', 600, NULL, NULL),
('TLPG-22', 1982, NULL, NULL),
('SGTL-42', 4250, NULL, NULL),
('TYGP-47', 1086, NULL, NULL),
('TKLJ-53', 1900, NULL, NULL),
('SJTS-62', 3070, NULL, NULL),
('TBLG-63', 2500, NULL, NULL),
('VLLH-64', 400, NULL, NULL),
('SGTL-79', 3750, NULL, NULL),
('SVZJ-87', 3750, NULL, NULL),
('TGTX-96', 600, NULL, NULL),
('TGTR-97', 1200, NULL, NULL),
('LJSG-89', 4014, NULL, NULL),
('TGTX-92', 1200, NULL, NULL),
('SVPW-23', 667, NULL, NULL),
('VKFT-43', 250, NULL, NULL),
('VHTG-88', 500, NULL, NULL),
('RLXW-85', 4675, NULL, NULL),
('PYCJ-89', 5510, NULL, NULL),
('VGRS-24', 500, NULL, NULL),
('VJWV-55', 250, NULL, NULL),
('VHTG-67', 500, NULL, NULL),
('TFYJ-98', 1733, NULL, NULL),
('LBDT-85', 4476, NULL, NULL),
('HSFZ-11', 18046, NULL, NULL),
('SGXG-38', 3740, NULL, NULL),
('KTWD-56', 7387, NULL, NULL),
('LWCT-34', 9681, NULL, NULL),
('TFYP-66', 2622, NULL, NULL),
('LPDF-41', 7700, NULL, NULL),
('SFGZ-12', 2084, NULL, NULL),
('VBDV-29', 250, NULL, NULL),
('TGTY-52', 250, NULL, NULL),
('SPGL-35', 1923, NULL, NULL),
('LPTK-87', 4489, NULL, NULL),
('LPTS-74', 60000, NULL, NULL),
('VDWB-42', 10000, NULL, NULL),
('G-01', 2950, NULL, NULL),
('G-08', 250, NULL, NULL),
('VDWC-17', 15000, NULL, NULL),
('RHPD-24', 160000, NULL, NULL),
('SFWK-25', 120000, NULL, NULL),
('SJPG-28', 92000, NULL, NULL),
('VKDW-35', 15000, NULL, NULL),
('TZDY-52', 30000, NULL, NULL),
('SFWK-72', 60000, NULL, NULL),
('BDVH-75', 15000, NULL, NULL),
('RVFD-81', 150000, NULL, NULL),
('RSSG-92', 110000, NULL, NULL),
('THRH-51', 35000, NULL, NULL),
('TBCG-78', 40000, NULL, NULL),
('TGTT-30', 16000, NULL, NULL),
('SWBR-38', 142800, NULL, NULL);

-- --------------------------------------------------------

--
-- Estructura de tabla para la tabla `tdOperadores`
--

CREATE TABLE `tdOperadores` (
  `idNum_RUT` int NOT NULL,
  `dtTxt_Nombre` varchar(40) NOT NULL,
  `dtTxt_Apellidos` varchar(40) NOT NULL
) ENGINE=InnoDB DEFAULT CHARSET=utf8mb4 COLLATE=utf8mb4_0900_ai_ci;

--
-- Volcado de datos para la tabla `tdOperadores`
--

INSERT INTO `tdOperadores` (`idNum_RUT`, `dtTxt_Nombre`, `dtTxt_Apellidos`) VALUES
(9295352, 'EDUARDO HERMOGENES', 'GARCÍA ARAYA'),
(10092406, 'MARCELO HUMBERTO', 'RUZ  GALAZ'),
(10796541, 'LORENZO LUCIANO', 'CAVIERES SILVA'),
(11816734, 'MILTON PATRICIO', 'AGUILA VELASQUEZ'),
(11938094, 'VICENTE ANTONIO', 'GALLARDO OSSANDON'),
(12222615, 'JAIME', 'ALMUNA COLLAO'),
(12568932, 'ALBERTINO LAUTARO', 'TRIPAINAO GONZALEZ'),
(12612916, 'RAFAEL ENRIQUE', 'PIZARRO PIZARRO'),
(12815628, 'SANDRO ADAN', 'MUNIZAGA CONTRERAS'),
(12821197, 'JUAN OMAR', 'VERA ESTAY'),
(13007022, 'SERGIO JOSE', 'ROBLE COLLAO'),
(13417126, 'CARLOS WILFREDO', 'VILLALOBOS FERNANDEZ'),
(13528994, 'ORLANDO MANUEL', 'LIQUE TINTE'),
(13874366, 'NELSON RODRIGO', 'ARAYA OSSANDON'),
(14099444, 'YURIT DANN', 'ROJAS CASTILLO'),
(14296621, 'MAXIMO ISAAC', 'PINTO GALLARDO'),
(14400326, 'GILBERTO EDUARDO', 'PASTEN  JIMENEZ'),
(14493454, 'PATRICIO ALEJANDRO', 'NEIRA NEIRA'),
(15024628, 'MIGUEL ANGEL', 'ORTIZ CASTILLO'),
(15053026, 'GUILLERMO ANDRES', 'CORTES TAPIA'),
(15321180, 'JORGE', 'DONOSO CONSTANTE'),
(15440884, 'FERNANDO MISAEL', 'CARRASCO MUÑOZ'),
(15607036, 'ALVARO', 'VALENZUELA IBARRA'),
(15658961, 'FELIPE', 'MUÑOZ ALVAREZ'),
(15673064, 'CARLOS PATRICIO', 'MAZUELA ARGANDOÑA'),
(15768504, 'GUILLERMO', 'SAAVEDRA FLORES'),
(15813542, 'JOSE MIGUEL', 'CORONEL CORTES'),
(15885192, 'DANIEL HUMBERTO', 'TORRES ARACENA'),
(16110212, 'WILSON', 'MUÑOZ MUÑOZ'),
(16306942, 'MAIKOL JAVIER', 'ROJO VERGARA'),
(16586356, 'CRISTIAN ISMAEL', 'HUANCA AVALOS'),
(16593385, 'JUAN GUILLERMO', 'ZUÑIGA ALLENDE'),
(16595916, 'FAVIO', 'ROBLEDO ROBLEDO'),
(16733684, 'DANIEL PATRICIO', 'NORAMBUENA MONTERO'),
(16866138, 'CESAR', 'HUANCA AVALOS'),
(17011579, 'SEBASTIAN ALEJANDRO', 'GONZALEZ BARAHONA'),
(17020041, 'ANGELO JEOVANNI', 'SALAMANCA ALBORNOZ'),
(17437827, 'JORDAN ANDRES', 'MIRANDA MARIN'),
(17492250, 'JAVIER ALEJANDRO', 'BENAVIDES DIAZ'),
(17527901, 'CHARLES PATRICIO FABIAN', 'GUTIERREZ VALLEJOS'),
(17828251, 'FRANCHESCOLY CRISTIAN', 'CARVAJAL GOMEZ'),
(17939374, 'FALCON ANTONIO', 'ROJAS ALVAREZ'),
(18042350, 'GULLIANO ANTONIO', 'IRIBARREN NEIRA'),
(18178699, 'FRANCISCO JAVIER', 'GAMBOA  GONZALEZ'),
(18230931, 'JAVIER ALEJANDRO', 'MARINOVICH VARAS'),
(18710250, 'ALVARO', 'VILLANUEVA DONOSO'),
(18751570, 'JAIME ABEL', 'ALEGRE TOLMO'),
(18816357, 'BELEN ALEJANDRA', 'VILLALON VASQUEZ'),
(18822915, 'ALVARO RODRIGO', 'COROCEO LEYTON'),
(18869051, 'JONATHAN JEISSON', 'MARIN CONTRERAS'),
(18923112, 'MANUEL ANDRES', 'ZAMBRA BRAVO'),
(19301450, 'JEAN PIERRE', 'ESCUDERO LUNA'),
(19322008, 'FRANCISCO JAVIER ', 'ORTIZ SALINAS'),
(19538761, 'CRISTIAN FERNANDO', 'CALLEJAS BRAVO'),
(19856834, 'MURIEL ALEJANDRA', 'CARVACHO SARMIENTO'),
(19864583, 'MATIAS IGNACIO', 'VARAS MELENDEZ'),
(19897623, 'LUIS EMILIANO', 'OPAZO GONZALEZ'),
(24234730, 'FRANK', 'CHACA ACHO'),
(25217372, 'FELIX', 'RAMOS CONDE'),
(26196201, 'JOHN JAIRO', 'UYABAN LEIVA');

--
-- Índices para tablas volcadas
--

--
-- Indices de la tabla `tdEquipos`
--
ALTER TABLE `tdEquipos`
  ADD PRIMARY KEY (`idTxt_Ppu`),
  ADD UNIQUE KEY `idTxt_Ppu_2` (`idTxt_Ppu`),
  ADD KEY `idTxt_Ppu` (`idTxt_Ppu`);

--
-- Indices de la tabla `tdOperadores`
--
ALTER TABLE `tdOperadores`
  ADD PRIMARY KEY (`idNum_RUT`),
  ADD UNIQUE KEY `idNum_RUT_2` (`idNum_RUT`),
  ADD KEY `idNum_RUT` (`idNum_RUT`);
COMMIT;

/*!40101 SET CHARACTER_SET_CLIENT=@OLD_CHARACTER_SET_CLIENT */;
/*!40101 SET CHARACTER_SET_RESULTS=@OLD_CHARACTER_SET_RESULTS */;
/*!40101 SET COLLATION_CONNECTION=@OLD_COLLATION_CONNECTION */;
